mut_id,query,mutated_response
CTX_001_MUT_01,Who is the author of the Pull Request that fixes/deletes unnecessary f-strings in version 0.56.1?,Abstain
CTX_001_MUT_02,Who is the author of the Pull Request that fixes/deletes unnecessary f-strings in version 0.56.1?,Abstain
CTX_001_MUT_03,Who is the author of the Pull Request that fixes/deletes unnecessary f-strings in version 0.56.1?,Abstain
CTX_001_MUT_04,Who is the author of the Pull Request that fixes/deletes unnecessary f-strings in version 0.56.1?,Abstain
CTX_001_MUT_05,Who is the author of the Pull Request that fixes/deletes unnecessary f-strings in version 0.56.1?,Abstain
CTX_001_MUT_06,Who is the author of the Pull Request that fixes/deletes unnecessary f-strings in version 0.56.1?,Abstain
CTX_001_MUT_07,Who is the author of the Pull Request that fixes/deletes unnecessary f-strings in version 0.56.1?,Abstain
CTX_001_MUT_08,Who is the author of the Pull Request that fixes/deletes unnecessary f-strings in version 0.56.1?,Abstain
CTX_001_MUT_09,Who is the author of the Pull Request that fixes/deletes unnecessary f-strings in version 0.56.1?,Abstain
CTX_001_MUT_10,Who is the author of the Pull Request that fixes/deletes unnecessary f-strings in version 0.56.1?,Abstain
CTX_001_MUT_11,Who is the author of the Pull Request that fixes/deletes unnecessary f-strings in version 0.56.1?,Abstain
CTX_001_MUT_12,Who is the author of the Pull Request that fixes/deletes unnecessary f-strings in version 0.56.1?,Abstain
CTX_001_MUT_13,Who is the author of the Pull Request that fixes/deletes unnecessary f-strings in version 0.56.1?,Abstain
CTX_002_MUT_01,Where can I see all the hundreds of other contributors to the FastAPI project beyond the top 50?,Abstain
CTX_002_MUT_02,Where can I see all the hundreds of other contributors to the FastAPI project beyond the top 50?,Abstain
CTX_002_MUT_03,Where can I see all the hundreds of other contributors to the FastAPI project beyond the top 50?,Abstain
CTX_002_MUT_04,Where can I see all the hundreds of other contributors to the FastAPI project beyond the top 50?,You can see them all in the [FastAPI GitHub Contributors page](https://github.com/fastapi/fastapi/graphs/contributors).
CTX_002_MUT_05,Where can I see all the hundreds of other contributors to the FastAPI project beyond the top 50?,Abstain
CTX_002_MUT_06,Where can I see all the hundreds of other contributors to the FastAPI project beyond the top 50?,Abstain
CTX_002_MUT_07,Where can I see all the hundreds of other contributors to the FastAPI project beyond the top 50?,Abstain
CTX_002_MUT_08,Where can I see all the hundreds of other contributors to the FastAPI project beyond the top 50?,Abstain
CTX_002_MUT_09,Where can I see all the hundreds of other contributors to the FastAPI project beyond the top 50?,Abstain
CTX_002_MUT_10,Where can I see all the hundreds of other contributors to the FastAPI project beyond the top 50?,Abstain
CTX_002_MUT_11,Where can I see all the hundreds of other contributors to the FastAPI project beyond the top 50?,Abstain
CTX_002_MUT_12,Where can I see all the hundreds of other contributors to the FastAPI project beyond the top 50?,The FastAPI GitHub Contributors page.
CTX_002_MUT_13,Where can I see all the hundreds of other contributors to the FastAPI project beyond the top 50?,You can see them all in the FastAPI GitHub Contributors page.
CTX_003_MUT_01,What is the default URL path to automatically serve CSS files when using StaticFiles with the name 'static'?,/static_files/styles.css
CTX_003_MUT_02,What is the default URL path to automatically serve CSS files when using StaticFiles with the name 'static'?,/static/styles.css
CTX_003_MUT_03,What is the default URL path to automatically serve CSS files when using StaticFiles with the name 'static'?,/staticfiles/styles.css
CTX_003_MUT_04,What is the default URL path to automatically serve CSS files when using StaticFiles with the name 'static'?,/static_files/styles.css
CTX_003_MUT_05,What is the default URL path to automatically serve CSS files when using StaticFiles with the name 'static'?,/static/css/styles.css
CTX_003_MUT_06,What is the default URL path to automatically serve CSS files when using StaticFiles with the name 'static'?,Abstain
CTX_003_MUT_07,What is the default URL path to automatically serve CSS files when using StaticFiles with the name 'static'?,/static_files/styles.css
CTX_003_MUT_08,What is the default URL path to automatically serve CSS files when using StaticFiles with the name 'static'?,/static_files/styles.css
CTX_003_MUT_09,What is the default URL path to automatically serve CSS files when using StaticFiles with the name 'static'?,/static/styles.css
CTX_003_MUT_10,What is the default URL path to automatically serve CSS files when using StaticFiles with the name 'static'?,Abstain
CTX_003_MUT_11,What is the default URL path to automatically serve CSS files when using StaticFiles with the name 'static'?,/styles.css
CTX_003_MUT_12,What is the default URL path to automatically serve CSS files when using StaticFiles with the name 'static'?,/staticfiles/styles.css
CTX_003_MUT_13,What is the default URL path to automatically serve CSS files when using StaticFiles with the name 'static'?,/static_files/styles.css
CTX_004_MUT_01,"In the OpenAPI specification, what is the information about the metadata of a path operation called?",Abstain
CTX_004_MUT_02,"In the OpenAPI specification, what is the information about the metadata of a path operation called?",Abstain
CTX_004_MUT_03,"In the OpenAPI specification, what is the information about the metadata of a path operation called?","In the OpenAPI specification, the information about the metadata of a path operation is called the [Operation Object](https://github.com/OAI/OpenAPI-Specification/blob/main/versions/3.0.3.md#operation-object)."
CTX_004_MUT_04,"In the OpenAPI specification, what is the information about the metadata of a path operation called?","In the OpenAPI specification, the information about the metadata of a path operation is called the [Operation Object](https://github.com/OAI/OpenAPI-Specification/blob/main/versions/3.0.3.md#operation-object)."
CTX_004_MUT_05,"In the OpenAPI specification, what is the information about the metadata of a path operation called?",Abstain
CTX_004_MUT_06,"In the OpenAPI specification, what is the information about the metadata of a path operation called?",The information about the metadata of a path operation in the OpenAPI specification is called the [Operation Object](https://github.com/OAI/OpenAPI-Specification/blob/main/versions/3.0.3.md#operation-object).
CTX_004_MUT_07,"In the OpenAPI specification, what is the information about the metadata of a path operation called?",Abstain
CTX_004_MUT_08,"In the OpenAPI specification, what is the information about the metadata of a path operation called?",Abstain
CTX_004_MUT_09,"In the OpenAPI specification, what is the information about the metadata of a path operation called?",Abstain
CTX_004_MUT_10,"In the OpenAPI specification, what is the information about the metadata of a path operation called?",Abstain
CTX_004_MUT_11,"In the OpenAPI specification, what is the information about the metadata of a path operation called?",Abstain
CTX_004_MUT_12,"In the OpenAPI specification, what is the information about the metadata of a path operation called?",Abstain
CTX_004_MUT_13,"In the OpenAPI specification, what is the information about the metadata of a path operation called?",Abstain
CTX_005_MUT_01,FastAPI uses which information to create a unique operation ID for a path operation?,Abstain
CTX_005_MUT_02,FastAPI uses which information to create a unique operation ID for a path operation?,Abstain
CTX_005_MUT_03,FastAPI uses which information to create a unique operation ID for a path operation?,"The path, the function name, and the HTTP method/operation."
CTX_005_MUT_04,FastAPI uses which information to create a unique operation ID for a path operation?,Abstain
CTX_005_MUT_05,FastAPI uses which information to create a unique operation ID for a path operation?,Abstain
CTX_005_MUT_06,FastAPI uses which information to create a unique operation ID for a path operation?,"FastAPI uses the **HTTP method/operation**, the **path**, and the **function name** to generate that operation ID."
CTX_005_MUT_07,FastAPI uses which information to create a unique operation ID for a path operation?,Abstain
CTX_005_MUT_08,FastAPI uses which information to create a unique operation ID for a path operation?,Abstain
CTX_005_MUT_09,FastAPI uses which information to create a unique operation ID for a path operation?,"The function name, the HTTP method, and the operation tag."
CTX_005_MUT_10,FastAPI uses which information to create a unique operation ID for a path operation?,"The tag name, the path, and the HTTP method/operation."
CTX_005_MUT_11,FastAPI uses which information to create a unique operation ID for a path operation?,"The function name, the path, and the HTTP status code."
CTX_005_MUT_12,FastAPI uses which information to create a unique operation ID for a path operation?,"The path, the function name, and the HTTP method/operation."
CTX_005_MUT_13,FastAPI uses which information to create a unique operation ID for a path operation?,"FastAPI uses the **tag name**, the **path**, and the **HTTP method/operation** to generate a unique operation ID for a path operation."
CTX_006_MUT_01,What version of Pydantic was FastAPI upgraded to in version 0.24.0?,Abstain
CTX_006_MUT_02,What version of Pydantic was FastAPI upgraded to in version 0.24.0?,Abstain.
CTX_006_MUT_03,What version of Pydantic was FastAPI upgraded to in version 0.24.0?,Abstain
CTX_006_MUT_04,What version of Pydantic was FastAPI upgraded to in version 0.24.0?,Abstain
CTX_006_MUT_05,What version of Pydantic was FastAPI upgraded to in version 0.24.0?,Abstain
CTX_006_MUT_06,What version of Pydantic was FastAPI upgraded to in version 0.24.0?,Abstain
CTX_006_MUT_07,What version of Pydantic was FastAPI upgraded to in version 0.24.0?,Abstain
CTX_006_MUT_08,What version of Pydantic was FastAPI upgraded to in version 0.24.0?,Abstain
CTX_006_MUT_09,What version of Pydantic was FastAPI upgraded to in version 0.24.0?,Abstain
CTX_006_MUT_10,What version of Pydantic was FastAPI upgraded to in version 0.24.0?,Abstain
CTX_006_MUT_11,What version of Pydantic was FastAPI upgraded to in version 0.24.0?,Abstain
CTX_006_MUT_12,What version of Pydantic was FastAPI upgraded to in version 0.24.0?,Abstain
CTX_006_MUT_13,What version of Pydantic was FastAPI upgraded to in version 0.24.0?,Abstain
CTX_007_MUT_01,The CSRF security vulnerability in versions prior to 0.65.2 relates to FastAPI automatically parsing content with any Content-Type as JSON.,Abstain
CTX_007_MUT_02,The CSRF security vulnerability in versions prior to 0.65.2 relates to FastAPI automatically parsing content with any Content-Type as JSON.,Abstain
CTX_007_MUT_03,The CSRF security vulnerability in versions prior to 0.65.2 relates to FastAPI automatically parsing content with any Content-Type as JSON.,Abstain
CTX_007_MUT_04,The CSRF security vulnerability in versions prior to 0.65.2 relates to FastAPI automatically parsing content with any Content-Type as JSON.,Abstain
CTX_007_MUT_05,The CSRF security vulnerability in versions prior to 0.65.2 relates to FastAPI automatically parsing content with any Content-Type as JSON.,Abstain
CTX_007_MUT_06,The CSRF security vulnerability in versions prior to 0.65.2 relates to FastAPI automatically parsing content with any Content-Type as JSON.,Abstain
CTX_007_MUT_07,The CSRF security vulnerability in versions prior to 0.65.2 relates to FastAPI automatically parsing content with any Content-Type as JSON.,Abstain
CTX_007_MUT_08,The CSRF security vulnerability in versions prior to 0.65.2 relates to FastAPI automatically parsing content with any Content-Type as JSON.,Abstain
CTX_007_MUT_09,The CSRF security vulnerability in versions prior to 0.65.2 relates to FastAPI automatically parsing content with any Content-Type as JSON.,Abstain
CTX_007_MUT_10,The CSRF security vulnerability in versions prior to 0.65.2 relates to FastAPI automatically parsing content with any Content-Type as JSON.,Abstain
CTX_007_MUT_11,The CSRF security vulnerability in versions prior to 0.65.2 relates to FastAPI automatically parsing content with any Content-Type as JSON.,Abstain
CTX_007_MUT_12,The CSRF security vulnerability in versions prior to 0.65.2 relates to FastAPI automatically parsing content with any Content-Type as JSON.,Abstain
CTX_007_MUT_13,The CSRF security vulnerability in versions prior to 0.65.2 relates to FastAPI automatically parsing content with any Content-Type as JSON.,Abstain
CTX_008_MUT_01,How to declare HTTP status code for response in decorators like @app.get()?,The HTTP status code for response can be declared with the parameter `status_code` in any of the decorators like `@app.get()`. This parameter should be a number with the HTTP status code.
CTX_008_MUT_02,How to declare HTTP status code for response in decorators like @app.get()?,Abstain
CTX_008_MUT_03,How to declare HTTP status code for response in decorators like @app.get()?,Abstain
CTX_008_MUT_04,How to declare HTTP status code for response in decorators like @app.get()?,"The HTTP status code can be declared with the `status_code` parameter in any of the decorators like `@app.get()`, `@app.post()`, `@app.put()`, `@app.delete()`, etc."
CTX_008_MUT_05,How to declare HTTP status code for response in decorators like @app.get()?,Abstain
CTX_008_MUT_06,How to declare HTTP status code for response in decorators like @app.get()?,Abstain
CTX_008_MUT_07,How to declare HTTP status code for response in decorators like @app.get()?,Abstain
CTX_008_MUT_08,How to declare HTTP status code for response in decorators like @app.get()?,Abstain
CTX_008_MUT_09,How to declare HTTP status code for response in decorators like @app.get()?,Abstain
CTX_008_MUT_10,How to declare HTTP status code for response in decorators like @app.get()?,"The same way you can specify a response model, you can also declare the HTTP status code used for the response with the parameter `status_code` in any of the *path operations*:

* `@app.get()`
* `@app.post()`
* `@app.put()`
* `@app.delete()`
* etc.

You can pass a number with the HTTP status code to the `status_code` parameter."
CTX_008_MUT_11,How to declare HTTP status code for response in decorators like @app.get()?,"The HTTP status code for response can be declared with the parameter `status_code` in any of the decorators like `@app.get()`, `@app.post()`, `@app.put()`, `@app.delete()`, etc. 

```python
@app.get(status_code=200)
```"
CTX_008_MUT_12,How to declare HTTP status code for response in decorators like @app.get()?,"The HTTP status code for response can be declared with the parameter `status_code` in any of the path operations. This can be done in decorators like `@app.get()`, `@app.post()`, `@app.put()`, `@app.delete()`, etc.

Here's an example of how to declare the HTTP status code:

```python
@app.get(""/"", status_code=200)
async def read_root():
    return {""message"": ""Hello, World""}
```

In this example, the HTTP status code for the response is declared as 200 (which is the status code for ""OK"") using the `status_code` parameter of the `@app.get()` decorator."
CTX_008_MUT_13,How to declare HTTP status code for response in decorators like @app.get()?,Abstain
CTX_009_MUT_01,"In the 0.96.0 release, what updates are related to internal performance optimization and documentation for Deta?","Update `create_cloned_field` to use a global cache and improve startup performance. 
Update Deta deployment tutorial for compatibility with Deta Space. 
Fix typo in Deta deployment tutorial."
CTX_009_MUT_02,"In the 0.96.0 release, what updates are related to internal performance optimization and documentation for Deta?","Update `create_cloned_field` to use a global cache and improve **runtime** performance. PR [#4645](https://github.com/tiangolo/fastapi/pull/4645) by [@madkinsz](https://github.com/madkinsz) and previous original PR by [@huonw].

Additionally, the Deta deployment tutorial was updated for compatibility with Deta **Cloud**. PR [#6004](https://github.com/tiangolo/fastapi/pull/6004) by [@mikBighne98].

Also, a typo in the Deta deployment tutorial was fixed. PR [#9501](https://github.com/tiangolo/fastapi/pull/9501) by [@lemonyte]."
CTX_009_MUT_03,"In the 0.96.0 release, what updates are related to internal performance optimization and documentation for Deta?","Update `create_cloned_field` to use a global cache and improve **runtime** performance. PR [#4645](https://github.com/tiangolo/fastapi/pull/4645) by [@madkinsz](https://github.com/madkinsz) and previous original PR by [@huonw].

Also, the following updates are related to documentation:
- 📝 Update Deta deployment tutorial for compatibility with Deta Space. PR [#6004](https://github.com/tiangolo/fastapi/pull/6004) by [@mikBighne98].
- ✏️ Fix typo in Deta deployment tutorial. PR [#9501](https://github.com/tiangolo/fastapi/pull/9501) by [@lemonyte]."
CTX_009_MUT_04,"In the 0.96.0 release, what updates are related to internal performance optimization and documentation for Deta?",Abstain
CTX_009_MUT_05,"In the 0.96.0 release, what updates are related to internal performance optimization and documentation for Deta?",Abstain
CTX_009_MUT_06,"In the 0.96.0 release, what updates are related to internal performance optimization and documentation for Deta?","According to the provided Context, the 0.96.0 release includes the following updates related to internal performance optimization and documentation for Deta:

1. **Internal performance optimization**: 
   - Update `create_cloned_field` to use a global cache and improve runtime performance. PR [#4645](https://github.com/tiangolo/fastapi/pull/4645) by [@madkinsz](https://github.com/madkinsz) and previous original PR by [@huonw](https://github.com/huonw).

2. **Documentation for Deta**: 
   - Update Deta deployment tutorial for compatibility with Deta Micro. PR [#6004](https://github.com/tiangolo/fastapi/pull/6004) by [@mikBighne98].
   - Fix typo in Deta deployment tutorial. PR [#9501](https://github.com/tiangolo/fastapi/pull/9501) by [@lemonyte].
   - Add Russian translation for `docs/tutorial/body.md`. PR [#3885](https://github.com/tiangolo/fastapi/pull/3885) by [@solomein-sv]."
CTX_009_MUT_07,"In the 0.96.0 release, what updates are related to internal performance optimization and documentation for Deta?",Abstain
CTX_009_MUT_08,"In the 0.96.0 release, what updates are related to internal performance optimization and documentation for Deta?",Abstain
CTX_009_MUT_09,"In the 0.96.0 release, what updates are related to internal performance optimization and documentation for Deta?",Abstain
CTX_009_MUT_10,"In the 0.96.0 release, what updates are related to internal performance optimization and documentation for Deta?",Abstain
CTX_009_MUT_11,"In the 0.96.0 release, what updates are related to internal performance optimization and documentation for Deta?","In the 0.96.0 release, the updates related to internal performance optimization and documentation for Deta are:

1. Update `create_cloned_field` to use a global cache and improve runtime performance.
2. Update Deta deployment tutorial for compatibility with Deta Space.
3. Fix typo in Deta deployment tutorial."
CTX_009_MUT_12,"In the 0.96.0 release, what updates are related to internal performance optimization and documentation for Deta?",Abstain
CTX_009_MUT_13,"In the 0.96.0 release, what updates are related to internal performance optimization and documentation for Deta?",Abstain
CTX_010_MUT_01,"In FastAPI, can a dependency be declared using 'async def' and used within a path operation function defined using a 'def' function normally?",Abstain
CTX_010_MUT_02,"In FastAPI, can a dependency be declared using 'async def' and used within a path operation function defined using a 'def' function normally?","Yes, it does matter. FastAPI will know what to do."
CTX_010_MUT_03,"In FastAPI, can a dependency be declared using 'async def' and used within a path operation function defined using a 'def' function normally?",Abstain
CTX_010_MUT_04,"In FastAPI, can a dependency be declared using 'async def' and used within a path operation function defined using a 'def' function normally?","According to Context [CONTEXT 0], yes, you can declare dependencies with `async def` inside of normal `def` *path operation functions*."
CTX_010_MUT_05,"In FastAPI, can a dependency be declared using 'async def' and used within a path operation function defined using a 'def' function normally?",Abstain
CTX_010_MUT_06,"In FastAPI, can a dependency be declared using 'async def' and used within a path operation function defined using a 'def' function normally?",Abstain
CTX_010_MUT_07,"In FastAPI, can a dependency be declared using 'async def' and used within a path operation function defined using a 'def' function normally?","According to the Context, it says:

""As dependencies will also be called by **FastAPI** (the same as your *path operation functions*), the same rules apply unless defining your functions.
You can use `async def` or normal `def`.
And you can declare dependencies with `async def` inside of normal `def` *path operation functions*, or `def` dependencies inside of `async def` *path operation functions*, etc.
It doesn't matter. **FastAPI** will know what to do.""

So, the answer is: Yes."
CTX_010_MUT_08,"In FastAPI, can a dependency be declared using 'async def' and used within a path operation function defined using a 'def' function normally?",Abstain
CTX_010_MUT_09,"In FastAPI, can a dependency be declared using 'async def' and used within a path operation function defined using a 'def' function normally?","According to [CONTEXT 0], the answer is yes. It is stated that ""And you can declare dependencies with `async def` inside of normal `def` *path operation functions*...""."
CTX_010_MUT_10,"In FastAPI, can a dependency be declared using 'async def' and used within a path operation function defined using a 'def' function normally?",Abstain
CTX_010_MUT_11,"In FastAPI, can a dependency be declared using 'async def' and used within a path operation function defined using a 'def' function normally?",Abstain
CTX_010_MUT_12,"In FastAPI, can a dependency be declared using 'async def' and used within a path operation function defined using a 'def' function normally?",Abstain
CTX_010_MUT_13,"In FastAPI, can a dependency be declared using 'async def' and used within a path operation function defined using a 'def' function normally?",Abstain
CTX_011_MUT_01,"When defining a Pydantic model (such as Image) and using it as a data type for a field of another model, what automatic benefits does FastAPI provide?",Abstain
CTX_011_MUT_02,"When defining a Pydantic model (such as Image) and using it as a data type for a field of another model, what automatic benefits does FastAPI provide?","When defining a Pydantic model (such as Image) and using it as a data type for a field of another model, FastAPI provides the following automatic benefits:

1. **No need to define schema**: Since Pydantic models are already schema definitions, you don't need to define a separate schema for the field in your main model.
2. **Automatic validation**: Pydantic will automatically validate the data based on the Pydantic model definition when it's received in the request.
3. **IDE/linter support**: As Pydantic models are written in Python, you'll get full support from your IDE and linter, which can help catch errors and improve your code quality.
4. **No brainfuck**: You don't need to learn a new schema definition language, as you can just use Python types to define your Pydantic models.
5. **Directly usable in database operations**: Since Pydantic models are validated automatically, you can often pass the same object you get from a request directly to the database, and vice versa."
CTX_011_MUT_03,"When defining a Pydantic model (such as Image) and using it as a data type for a field of another model, what automatic benefits does FastAPI provide?",Abstain
CTX_011_MUT_04,"When defining a Pydantic model (such as Image) and using it as a data type for a field of another model, what automatic benefits does FastAPI provide?",Abstain
CTX_011_MUT_05,"When defining a Pydantic model (such as Image) and using it as a data type for a field of another model, what automatic benefits does FastAPI provide?",Abstain
CTX_011_MUT_06,"When defining a Pydantic model (such as Image) and using it as a data type for a field of another model, what automatic benefits does FastAPI provide?",Abstain
CTX_011_MUT_07,"When defining a Pydantic model (such as Image) and using it as a data type for a field of another model, what automatic benefits does FastAPI provide?","When defining a Pydantic model (such as Image) and using it as a data type for a field of another model, FastAPI provides the following automatic benefits:

1. **Validation**: FastAPI will automatically validate the data when it's passed to the model. If the data doesn't match the Pydantic model's definition, FastAPI will raise a validation error.
2. **JSON Schema**: FastAPI will automatically generate a JSON Schema for the model, which can be used in the API documentation to describe the expected format of the data.
3. **IDE and linter support**: Since Pydantic models are just Python classes, FastAPI will work seamlessly with your IDE and linter. You can use your IDE's type checking features, and your linter will catch any type-related errors.
4. **No new schema definition micro-language to learn**: With Pydantic models, you don't need to learn a new schema definition language. You can use standard Python types to define your models.

These automatic benefits make it easier to work with complex data models and ensure that your API is robust and easy to understand."
CTX_011_MUT_08,"When defining a Pydantic model (such as Image) and using it as a data type for a field of another model, what automatic benefits does FastAPI provide?",Abstain
CTX_011_MUT_09,"When defining a Pydantic model (such as Image) and using it as a data type for a field of another model, what automatic benefits does FastAPI provide?",Abstain
CTX_011_MUT_10,"When defining a Pydantic model (such as Image) and using it as a data type for a field of another model, what automatic benefits does FastAPI provide?",Abstain
CTX_011_MUT_11,"When defining a Pydantic model (such as Image) and using it as a data type for a field of another model, what automatic benefits does FastAPI provide?","When defining a Pydantic model (such as Image) and using it as a data type for a field of another model, FastAPI provides the following automatic benefits:

*   **No brainfuck**: FastAPI doesn't require a new schema definition micro-language to learn. If you know Python types, you know how to use Pydantic.
*   **Automatic validation**: Pydantic will automatically validate the data based on the model definition, ensuring it conforms to the expected structure and types.
*   **IDE and linter support**: FastAPI plays nicely with your IDE and linter, providing features like auto-completion, syntax checking, and more.
*   **Direct use of the model**: In many cases, you can pass the same object you get from a request directly to the database, and vice versa, without needing to manually convert the data.
*   **JSON Schema generation**: FastAPI can automatically generate JSON Schema from your Pydantic models, making it easy to define and document the structure of your API endpoints.

These benefits make it easier to work with complex data structures, like images, while also providing robust validation and documentation capabilities."
CTX_011_MUT_12,"When defining a Pydantic model (such as Image) and using it as a data type for a field of another model, what automatic benefits does FastAPI provide?","When defining a Pydantic model (such as `Image`) and using it as a data type for a field of another model, FastAPI provides the following automatic benefits:

1. **No brainfuck**: You don't need to learn a new schema definition micro-language. Since you know Python types, you know how to use Pydantic.

2. **Automatic validation**: The fields in the `Image` model will be automatically validated when an instance of the model is created or accessed.

3. **IDE/linter integration**: Since the Pydantic model is a Python class, it will work nicely with your IDE and linter, providing features such as:

   - Auto-completion
   - Type checking
   - Error highlighting

4. **Automatic JSON Schema generation**: The Pydantic model can be used to generate a JSON Schema, which can be used for OpenAPI documentation, validation, and other purposes.

5. **Automatic conversion to database models**: In some cases, you can pass the Pydantic model instance directly to the database, and FastAPI will take care of converting it to the database model.

6. **Automatic conversion from database models**: Similarly, you can pass the database model instance directly to the client, and FastAPI will take care of converting it to the Pydantic model.

7. **Automatic validation when receiving data**: When using the Pydantic model as a field type in another model, the data received from the client will be automatically validated against the Pydantic model's schema."
CTX_011_MUT_13,"When defining a Pydantic model (such as Image) and using it as a data type for a field of another model, what automatic benefits does FastAPI provide?","No brainfuck: 

No new schema definition micro-language to learn. If you know Python types you know how to use Pydantic."
CTX_012_MUT_01,The combination of FastAPI and Pydantic brings out which notable features related to data validation and interaction with Editor?,"No brainfuck, Editor support (completion, etc.), even for nested models, Data conversion, Data validation, Automatic documentation."
CTX_012_MUT_02,The combination of FastAPI and Pydantic brings out which notable features related to data validation and interaction with Editor?,"No brainfuck, 
Editor support (completion, etc.), even for nested models, 
Data conversion, 
Data validation, 
Automatic documentation."
CTX_012_MUT_03,The combination of FastAPI and Pydantic brings out which notable features related to data validation and interaction with Editor?,"Editor support (completion, etc.), even for nested models, Data conversion, Data validation, Automatic documentation."
CTX_012_MUT_04,The combination of FastAPI and Pydantic brings out which notable features related to data validation and interaction with Editor?,"No brainfuck, no new schema definition micro-language to learn, editor support (completion, etc.), even for nested models, data conversion, data validation, and automatic documentation."
CTX_012_MUT_05,The combination of FastAPI and Pydantic brings out which notable features related to data validation and interaction with Editor?,"No brainfuck, Editor support (completion, etc.), even for nested models, Data conversion, Data validation, Automatic documentation."
CTX_012_MUT_06,The combination of FastAPI and Pydantic brings out which notable features related to data validation and interaction with Editor?,Abstain
CTX_012_MUT_07,The combination of FastAPI and Pydantic brings out which notable features related to data validation and interaction with Editor?,Abstain
CTX_012_MUT_08,The combination of FastAPI and Pydantic brings out which notable features related to data validation and interaction with Editor?,Abstain
CTX_012_MUT_09,The combination of FastAPI and Pydantic brings out which notable features related to data validation and interaction with Editor?,"No brainfuck:
- No new schema definition micro-language to learn.
Plays nicely with your IDE/linter/brain:
- Because pydantic data structures are just instances of classes you define; auto-completion, linting, mypy and your intuition should all work properly with your validated data.

Validate complex structures:
- You can have deeply nested JSON objects and have them all validated and annotated.

Extensible:
- Pydantic allows custom data types to be defined or you can extend validation with methods on a model decorated with the validator decorator.

Editor support (completion, etc.), even for nested models
- Because pydantic data structures are just instances of classes you define; auto-completion, linting, mypy and your intuition should all work properly with your validated data."
CTX_012_MUT_10,The combination of FastAPI and Pydantic brings out which notable features related to data validation and interaction with Editor?,Abstain
CTX_012_MUT_11,The combination of FastAPI and Pydantic brings out which notable features related to data validation and interaction with Editor?,Abstain
CTX_012_MUT_12,The combination of FastAPI and Pydantic brings out which notable features related to data validation and interaction with Editor?,Abstain
CTX_012_MUT_13,The combination of FastAPI and Pydantic brings out which notable features related to data validation and interaction with Editor?,"FastAPI and Pydantic together bring out the following notable features related to data validation and interaction with the Editor:

* **No brainfuck**: No need to learn a new schema definition micro-language, as Pydantic uses Python types.
* **Editor support**: Auto-completion, linting, mypy, and your intuition should work properly with your validated data.
* **Editor support (completion, etc.)**: Even for nested models.
* **Data conversion**: Automatic conversion of data types.
* **Data validation**: Automatic validation of data types.
* **Automatic documentation**: Automatic generation of documentation for the models."
CTX_013_MUT_01,"In addition to supporting autocompletion and validation for basic data types (JSON object, array, string, number), what other complex data types does FastAPI's validation system also support?",Abstain
CTX_013_MUT_02,"In addition to supporting autocompletion and validation for basic data types (JSON object, array, string, number), what other complex data types does FastAPI's validation system also support?",Abstain
CTX_013_MUT_03,"In addition to supporting autocompletion and validation for basic data types (JSON object, array, string, number), what other complex data types does FastAPI's validation system also support?",Abstain
CTX_013_MUT_04,"In addition to supporting autocompletion and validation for basic data types (JSON object, array, string, number), what other complex data types does FastAPI's validation system also support?",Abstain
CTX_013_MUT_05,"In addition to supporting autocompletion and validation for basic data types (JSON object, array, string, number), what other complex data types does FastAPI's validation system also support?",Abstain
CTX_013_MUT_06,"In addition to supporting autocompletion and validation for basic data types (JSON object, array, string, number), what other complex data types does FastAPI's validation system also support?",Abstain
CTX_013_MUT_07,"In addition to supporting autocompletion and validation for basic data types (JSON object, array, string, number), what other complex data types does FastAPI's validation system also support?",Abstain
CTX_013_MUT_08,"In addition to supporting autocompletion and validation for basic data types (JSON object, array, string, number), what other complex data types does FastAPI's validation system also support?",Abstain
CTX_013_MUT_09,"In addition to supporting autocompletion and validation for basic data types (JSON object, array, string, number), what other complex data types does FastAPI's validation system also support?",Abstain
CTX_013_MUT_10,"In addition to supporting autocompletion and validation for basic data types (JSON object, array, string, number), what other complex data types does FastAPI's validation system also support?",Abstain
CTX_013_MUT_11,"In addition to supporting autocompletion and validation for basic data types (JSON object, array, string, number), what other complex data types does FastAPI's validation system also support?",Abstain.
CTX_013_MUT_12,"In addition to supporting autocompletion and validation for basic data types (JSON object, array, string, number), what other complex data types does FastAPI's validation system also support?",Abstain
CTX_013_MUT_13,"In addition to supporting autocompletion and validation for basic data types (JSON object, array, string, number), what other complex data types does FastAPI's validation system also support?",Abstain
CTX_014_MUT_01,What security patch 0.92.0 addresses the Denial of Service (DoS) vulnerability related to which component in the FastAPI application?,Upgrade Starlette to 0.25.0.
CTX_014_MUT_02,What security patch 0.92.0 addresses the Denial of Service (DoS) vulnerability related to which component in the FastAPI application?,Abstain
CTX_014_MUT_03,What security patch 0.92.0 addresses the Denial of Service (DoS) vulnerability related to which component in the FastAPI application?,Abstain
CTX_014_MUT_04,What security patch 0.92.0 addresses the Denial of Service (DoS) vulnerability related to which component in the FastAPI application?,Abstain
CTX_014_MUT_05,What security patch 0.92.0 addresses the Denial of Service (DoS) vulnerability related to which component in the FastAPI application?,Upgrade Starlette to 0.25.0.
CTX_014_MUT_06,What security patch 0.92.0 addresses the Denial of Service (DoS) vulnerability related to which component in the FastAPI application?,Abstain
CTX_014_MUT_07,What security patch 0.92.0 addresses the Denial of Service (DoS) vulnerability related to which component in the FastAPI application?,Abstain
CTX_014_MUT_08,What security patch 0.92.0 addresses the Denial of Service (DoS) vulnerability related to which component in the FastAPI application?,"Upgrade Starlette to 0.25.0. PR [#5996](https://github.com/tiangolo/fastapi/pull/5996) by [@tiangolo](https://github.com/tiangolo). This solves a vulnerability that could allow denial of service attacks by using many small multipart fields/files (parts), consuming high CPU and memory."
CTX_014_MUT_09,What security patch 0.92.0 addresses the Denial of Service (DoS) vulnerability related to which component in the FastAPI application?,Abstain
CTX_014_MUT_10,What security patch 0.92.0 addresses the Denial of Service (DoS) vulnerability related to which component in the FastAPI application?,Abstain
CTX_014_MUT_11,What security patch 0.92.0 addresses the Denial of Service (DoS) vulnerability related to which component in the FastAPI application?,Abstain
CTX_014_MUT_12,What security patch 0.92.0 addresses the Denial of Service (DoS) vulnerability related to which component in the FastAPI application?,Upgrade Starlette to 0.25.0.
CTX_014_MUT_13,What security patch 0.92.0 addresses the Denial of Service (DoS) vulnerability related to which component in the FastAPI application?,Upgrade Starlette to 0.25.0.
CTX_015_MUT_01,"In the ASGI specification, what protocol do the 'startup' and 'shutdown' events belong to?",The 'startup' and 'shutdown' events belong to the Lifespan Protocol.
CTX_015_MUT_02,"In the ASGI specification, what protocol do the 'startup' and 'shutdown' events belong to?",The 'startup' and 'shutdown' events belong to the Lifespan Protocol.
CTX_015_MUT_03,"In the ASGI specification, what protocol do the 'startup' and 'shutdown' events belong to?",The 'startup' and 'shutdown' events belong to the Lifespan Protocol.
CTX_015_MUT_04,"In the ASGI specification, what protocol do the 'startup' and 'shutdown' events belong to?",Lifespan Protocol.
CTX_015_MUT_05,"In the ASGI specification, what protocol do the 'startup' and 'shutdown' events belong to?",The Lifespan Protocol.
CTX_015_MUT_06,"In the ASGI specification, what protocol do the 'startup' and 'shutdown' events belong to?",The Lifespan Protocol.
CTX_015_MUT_07,"In the ASGI specification, what protocol do the 'startup' and 'shutdown' events belong to?",Lifespan Protocol.
CTX_015_MUT_08,"In the ASGI specification, what protocol do the 'startup' and 'shutdown' events belong to?",Lifespan Protocol.
CTX_015_MUT_09,"In the ASGI specification, what protocol do the 'startup' and 'shutdown' events belong to?",Lifespan Protocol
CTX_015_MUT_10,"In the ASGI specification, what protocol do the 'startup' and 'shutdown' events belong to?",Lifespan Protocol.
CTX_015_MUT_11,"In the ASGI specification, what protocol do the 'startup' and 'shutdown' events belong to?",Abstain
CTX_015_MUT_12,"In the ASGI specification, what protocol do the 'startup' and 'shutdown' events belong to?",Abstain
CTX_015_MUT_13,"In the ASGI specification, what protocol do the 'startup' and 'shutdown' events belong to?",Lifespan Protocol.
CTX_016_MUT_01,What is the concept of 'OpenAPI Callback' in FastAPI described as?,Abstain
CTX_016_MUT_02,What is the concept of 'OpenAPI Callback' in FastAPI described as?,Abstain
CTX_016_MUT_03,What is the concept of 'OpenAPI Callback' in FastAPI described as?,Abstain
CTX_016_MUT_04,What is the concept of 'OpenAPI Callback' in FastAPI described as?,Abstain
CTX_016_MUT_05,What is the concept of 'OpenAPI Callback' in FastAPI described as?,Abstain
CTX_016_MUT_06,What is the concept of 'OpenAPI Callback' in FastAPI described as?,Abstain
CTX_016_MUT_07,What is the concept of 'OpenAPI Callback' in FastAPI described as?,"The process that happens when your API app calls the *external API* is named a ""callback"". Because the software that the external developer wrote *receives* a request from your API and then the *external API* *calls back*, sending a request to your API (that was probably created by the same developer)."
CTX_016_MUT_08,What is the concept of 'OpenAPI Callback' in FastAPI described as?,"When your API app calls the external API, the process that happens when the software that the external developer wrote sends a request to your API and then the external API calls back, sending a request to your API (that was probably created by the same developer) is named a ""callback""."
CTX_016_MUT_09,What is the concept of 'OpenAPI Callback' in FastAPI described as?,Abstain
CTX_016_MUT_10,What is the concept of 'OpenAPI Callback' in FastAPI described as?,Abstain
CTX_016_MUT_11,What is the concept of 'OpenAPI Callback' in FastAPI described as?,"The process that happens when your API app calls the external API is named a ""callback"". Because the software that the external developer wrote sends a request to your API and then your API calls back, sending a request to the external API (that was probably created by the same developer)."
CTX_016_MUT_12,What is the concept of 'OpenAPI Callback' in FastAPI described as?,"The concept of 'OpenAPI Callback' in FastAPI is described as the process that happens when your API app calls the external API created by someone else. The software that the external developer wrote sends a request to your API and then the external API calls back, sending a request to an external API (that was probably created by the same developer)."
CTX_016_MUT_13,What is the concept of 'OpenAPI Callback' in FastAPI described as?,Abstain
CTX_017_MUT_01,Why do we need to define Query Parameters inside a Pydantic model and pass it into the `Query` function?,Abstain
CTX_017_MUT_02,Why do we need to define Query Parameters inside a Pydantic model and pass it into the `Query` function?,"Based on the provided Context, we can determine that we need to define Query Parameters inside a Pydantic model and pass it into the `Query` function to enable **FastAPI** to **validate** the data for each field from the query parameters in the request.

This is stated in the [CONTEXT 0] section, which mentions that ""FastAPI will validate the data for each field from the query parameters in the request and give you the Pydantic model you defined."""
CTX_017_MUT_03,Why do we need to define Query Parameters inside a Pydantic model and pass it into the `Query` function?,Abstain
CTX_017_MUT_04,Why do we need to define Query Parameters inside a Pydantic model and pass it into the `Query` function?,Abstain
CTX_017_MUT_05,Why do we need to define Query Parameters inside a Pydantic model and pass it into the `Query` function?,Abstain
CTX_017_MUT_06,Why do we need to define Query Parameters inside a Pydantic model and pass it into the `Query` function?,Abstain
CTX_017_MUT_07,Why do we need to define Query Parameters inside a Pydantic model and pass it into the `Query` function?,Abstain
CTX_017_MUT_08,Why do we need to define Query Parameters inside a Pydantic model and pass it into the `Query` function?,Abstain
CTX_017_MUT_09,Why do we need to define Query Parameters inside a Pydantic model and pass it into the `Query` function?,Abstain
CTX_017_MUT_10,Why do we need to define Query Parameters inside a Pydantic model and pass it into the `Query` function?,Abstain
CTX_017_MUT_11,Why do we need to define Query Parameters inside a Pydantic model and pass it into the `Query` function?,Abstain
CTX_017_MUT_12,Why do we need to define Query Parameters inside a Pydantic model and pass it into the `Query` function?,Abstain
CTX_017_MUT_13,Why do we need to define Query Parameters inside a Pydantic model and pass it into the `Query` function?,"Declaring the **query parameters** that you need in a **Pydantic model**, and then declaring the parameter as `Query` allows **FastAPI** to **ignore** the data for **each field** from the **query parameters** in the request. This is useful when you need to validate and provide auto-completion for the query parameters, while being able to ignore them in the request data. 

FastAPI will give you the Pydantic model you defined, as if the data for each field was not present in the request. This allows for a clear separation of concerns and a more robust way to handle query parameters."
CTX_018_MUT_01,Why did OAuth2 design a token with expiration time instead of issuing a permanent key?,"The OAuth2 design chose to issue a token with an expiration time instead of a permanent key to reduce the risk associated with token theft. If a permanent key were stolen, it would grant the thief permanent access to the user's resources. By setting an expiration time on the token, the risk is less because the token becomes invalid after a certain period, and the thief has a limited time to use it."
CTX_018_MUT_02,Why did OAuth2 design a token with expiration time instead of issuing a permanent key?,"Normally, a token is set to expire after some time. So, the user will have to log in again at some point later. And if the token is stolen, the risk is less. It is not like a permanent key that will work forever (in most of the cases)."
CTX_018_MUT_03,Why did OAuth2 design a token with expiration time instead of issuing a permanent key?,Abstain
CTX_018_MUT_04,Why did OAuth2 design a token with expiration time instead of issuing a permanent key?,Abstain
CTX_018_MUT_05,Why did OAuth2 design a token with expiration time instead of issuing a permanent key?,Abstain
CTX_018_MUT_06,Why did OAuth2 design a token with expiration time instead of issuing a permanent key?,Abstain
CTX_018_MUT_07,Why did OAuth2 design a token with expiration time instead of issuing a permanent key?,"To minimize the risk, if the token is stolen, the risk is less because it is not like a permanent key that will work forever (in most of the cases)."
CTX_018_MUT_08,Why did OAuth2 design a token with expiration time instead of issuing a permanent key?,Abstain
CTX_018_MUT_09,Why did OAuth2 design a token with expiration time instead of issuing a permanent key?,Abstain
CTX_018_MUT_10,Why did OAuth2 design a token with expiration time instead of issuing a permanent key?,"In the context of the provided information, OAuth2 designed a token with expiration time instead of issuing a permanent key to reduce the risk if the token is stolen."
CTX_018_MUT_11,Why did OAuth2 design a token with expiration time instead of issuing a permanent key?,Abstain
CTX_018_MUT_12,Why did OAuth2 design a token with expiration time instead of issuing a permanent key?,Abstain
CTX_018_MUT_13,Why did OAuth2 design a token with expiration time instead of issuing a permanent key?,Abstain
CTX_019_MUT_01,"Based on the display structure, can one person be in both the Gold Sponsors list and the Silver Sponsors list at the same time?",Abstain
CTX_019_MUT_02,"Based on the display structure, can one person be in both the Gold Sponsors list and the Silver Sponsors list at the same time?",Abstain
CTX_019_MUT_03,"Based on the display structure, can one person be in both the Gold Sponsors list and the Silver Sponsors list at the same time?",Abstain
CTX_019_MUT_04,"Based on the display structure, can one person be in both the Gold Sponsors list and the Silver Sponsors list at the same time?",Abstain
CTX_019_MUT_05,"Based on the display structure, can one person be in both the Gold Sponsors list and the Silver Sponsors list at the same time?",Abstain
CTX_019_MUT_06,"Based on the display structure, can one person be in both the Gold Sponsors list and the Silver Sponsors list at the same time?",Abstain
CTX_019_MUT_07,"Based on the display structure, can one person be in both the Gold Sponsors list and the Silver Sponsors list at the same time?",Abstain
CTX_019_MUT_08,"Based on the display structure, can one person be in both the Gold Sponsors list and the Silver Sponsors list at the same time?",Abstain.
CTX_019_MUT_09,"Based on the display structure, can one person be in both the Gold Sponsors list and the Silver Sponsors list at the same time?",Abstain
CTX_019_MUT_10,"Based on the display structure, can one person be in both the Gold Sponsors list and the Silver Sponsors list at the same time?",Abstain
CTX_019_MUT_11,"Based on the display structure, can one person be in both the Gold Sponsors list and the Silver Sponsors list at the same time?",Abstain
CTX_019_MUT_12,"Based on the display structure, can one person be in both the Gold Sponsors list and the Silver Sponsors list at the same time?",Abstain
CTX_019_MUT_13,"Based on the display structure, can one person be in both the Gold Sponsors list and the Silver Sponsors list at the same time?",Abstain
CTX_020_MUT_01,What conditions help the Streaming data model process data faster than the normal model when working with large data streams?,Abstain
CTX_020_MUT_02,What conditions help the Streaming data model process data faster than the normal model when working with large data streams?,Abstain
CTX_020_MUT_03,What conditions help the Streaming data model process data faster than the normal model when working with large data streams?,Abstain
CTX_020_MUT_04,What conditions help the Streaming data model process data faster than the normal model when working with large data streams?,Abstain
CTX_020_MUT_05,What conditions help the Streaming data model process data faster than the normal model when working with large data streams?,"Based on the provided Context, the Streaming data model can process data faster than the normal model when working with large data streams under the following conditions:

* The client can start processing data as soon as the first item is received, without having to wait for the entire sequence of items to be ready.
* The producer (app) can start sending data items to the client after waiting for the entire sequence of items to be ready, allowing for an efficient and continuous flow of data.
* The streaming data model can handle infinite streams, where the producer continuously sends data items to the client, and the client continuously processes the incoming data.

However, the Context does not provide specific conditions that help the Streaming data model process data faster than the normal model. It only describes the concept of streaming data and its potential benefits."
CTX_020_MUT_06,What conditions help the Streaming data model process data faster than the normal model when working with large data streams?,Abstain
CTX_020_MUT_07,What conditions help the Streaming data model process data faster than the normal model when working with large data streams?,Abstain
CTX_020_MUT_08,What conditions help the Streaming data model process data faster than the normal model when working with large data streams?,Abstain
CTX_020_MUT_09,What conditions help the Streaming data model process data faster than the normal model when working with large data streams?,Abstain
CTX_020_MUT_10,What conditions help the Streaming data model process data faster than the normal model when working with large data streams?,Abstain
CTX_020_MUT_11,What conditions help the Streaming data model process data faster than the normal model when working with large data streams?,Abstain
CTX_020_MUT_12,What conditions help the Streaming data model process data faster than the normal model when working with large data streams?,Abstain
CTX_020_MUT_13,What conditions help the Streaming data model process data faster than the normal model when working with large data streams?,Abstain
CTX_021_MUT_01,Why use AsyncClient combined with await instead of TestClient when writing unit tests marked with @pytest.mark.anyio?,Abstain
CTX_021_MUT_02,Why use AsyncClient combined with await instead of TestClient when writing unit tests marked with @pytest.mark.anyio?,Abstain
CTX_021_MUT_03,Why use AsyncClient combined with await instead of TestClient when writing unit tests marked with @pytest.mark.anyio?,Abstain
CTX_021_MUT_04,Why use AsyncClient combined with await instead of TestClient when writing unit tests marked with @pytest.mark.anyio?,Abstain.
CTX_021_MUT_05,Why use AsyncClient combined with await instead of TestClient when writing unit tests marked with @pytest.mark.anyio?,Abstain.
CTX_021_MUT_06,Why use AsyncClient combined with await instead of TestClient when writing unit tests marked with @pytest.mark.anyio?,Abstain
CTX_021_MUT_07,Why use AsyncClient combined with await instead of TestClient when writing unit tests marked with @pytest.mark.anyio?,Abstain
CTX_021_MUT_08,Why use AsyncClient combined with await instead of TestClient when writing unit tests marked with @pytest.mark.anyio?,Abstain
CTX_021_MUT_09,Why use AsyncClient combined with await instead of TestClient when writing unit tests marked with @pytest.mark.anyio?,Abstain
CTX_021_MUT_10,Why use AsyncClient combined with await instead of TestClient when writing unit tests marked with @pytest.mark.anyio?,Abstain
CTX_021_MUT_11,Why use AsyncClient combined with await instead of TestClient when writing unit tests marked with @pytest.mark.anyio?,Abstain
CTX_021_MUT_12,Why use AsyncClient combined with await instead of TestClient when writing unit tests marked with @pytest.mark.anyio?,Abstain
CTX_021_MUT_13,Why use AsyncClient combined with await instead of TestClient when writing unit tests marked with @pytest.mark.anyio?,Abstain
CTX_022_MUT_01,"If an HTTP request can only contain a single body, how does FastAPI handle it when you declare multiple body parameters in the path operation function?","You can add multiple body parameters to your *path operation function*, even though a request can only have a single body. But **FastAPI** will handle it, give you the correct data in your function, and validate and document the correct schema in the *path operation*."
CTX_022_MUT_02,"If an HTTP request can only contain a single body, how does FastAPI handle it when you declare multiple body parameters in the path operation function?",Abstain
CTX_022_MUT_03,"If an HTTP request can only contain a single body, how does FastAPI handle it when you declare multiple body parameters in the path operation function?",Abstain
CTX_022_MUT_04,"If an HTTP request can only contain a single body, how does FastAPI handle it when you declare multiple body parameters in the path operation function?","You can add multiple body parameters to your *path operation function*, even though a request can have multiple bodies. But **FastAPI** will handle it, give you the correct data in your function, and validate and document the correct schema in the *path operation*."
CTX_022_MUT_05,"If an HTTP request can only contain a single body, how does FastAPI handle it when you declare multiple body parameters in the path operation function?",Abstain
CTX_022_MUT_06,"If an HTTP request can only contain a single body, how does FastAPI handle it when you declare multiple body parameters in the path operation function?",Abstain
CTX_022_MUT_07,"If an HTTP request can only contain a single body, how does FastAPI handle it when you declare multiple body parameters in the path operation function?","You can add multiple body parameters to your *path operation function*, even though a request can only have a single body. But **FastAPI** will handle it, give you the correct data in your function, and validate and document the correct schema in the *path operation*."
CTX_022_MUT_08,"If an HTTP request can only contain a single body, how does FastAPI handle it when you declare multiple body parameters in the path operation function?","You can add multiple body parameters to your *path operation function*, even though a request can only have a single body. But **FastAPI** will handle it, give you the correct data in your function, and validate and document the correct schema in the *path operation*."
CTX_022_MUT_09,"If an HTTP request can only contain a single body, how does FastAPI handle it when you declare multiple body parameters in the path operation function?","You can add multiple body parameters to your *path operation function*, even though a request can only have a single body. But **FastAPI** will handle it, give you the correct data in your function, and validate and document the correct schema in the *path operation*."
CTX_022_MUT_10,"If an HTTP request can only contain a single body, how does FastAPI handle it when you declare multiple body parameters in the path operation function?","You can add multiple body parameters to your *path operation function*, even though a request can only have a single body. But **FastAPI** will handle it, give you the correct data in your function, and validate and document the correct schema in the *path operation*."
CTX_022_MUT_11,"If an HTTP request can only contain a single body, how does FastAPI handle it when you declare multiple body parameters in the path operation function?","You can add multiple body parameters to your *path operation function*, because a request can only have a single body. But **FastAPI** will handle it, give you the correct data in your function, and validate and document the correct schema in the *path operation*."
CTX_022_MUT_12,"If an HTTP request can only contain a single body, how does FastAPI handle it when you declare multiple body parameters in the path operation function?","You can add multiple body parameters to your *path operation function*, even though a request can have multiple bodies."
CTX_022_MUT_13,"If an HTTP request can only contain a single body, how does FastAPI handle it when you declare multiple body parameters in the path operation function?","You can add multiple body parameters to your *path operation function*, as a request can have multiple bodies."
CTX_023_MUT_01,"If you want to use OpenAPI Generator or Hey API to generate SDK for FastAPI, why do you have to make sure that tool supports OpenAPI version 3.1?",Abstain
CTX_023_MUT_02,"If you want to use OpenAPI Generator or Hey API to generate SDK for FastAPI, why do you have to make sure that tool supports OpenAPI version 3.1?",Abstain
CTX_023_MUT_03,"If you want to use OpenAPI Generator or Hey API to generate SDK for FastAPI, why do you have to make sure that tool supports OpenAPI version 3.1?",Abstain.
CTX_023_MUT_04,"If you want to use OpenAPI Generator or Hey API to generate SDK for FastAPI, why do you have to make sure that tool supports OpenAPI version 3.1?",Abstain
CTX_023_MUT_05,"If you want to use OpenAPI Generator or Hey API to generate SDK for FastAPI, why do you have to make sure that tool supports OpenAPI version 3.1?",Abstain
CTX_023_MUT_06,"If you want to use OpenAPI Generator or Hey API to generate SDK for FastAPI, why do you have to make sure that tool supports OpenAPI version 3.1?",Abstain
CTX_023_MUT_07,"If you want to use OpenAPI Generator or Hey API to generate SDK for FastAPI, why do you have to make sure that tool supports OpenAPI version 3.1?",Abstain
CTX_023_MUT_08,"If you want to use OpenAPI Generator or Hey API to generate SDK for FastAPI, why do you have to make sure that tool supports OpenAPI version 3.1?",Abstain
CTX_023_MUT_09,"If you want to use OpenAPI Generator or Hey API to generate SDK for FastAPI, why do you have to make sure that tool supports OpenAPI version 3.1?",Abstain
CTX_023_MUT_10,"If you want to use OpenAPI Generator or Hey API to generate SDK for FastAPI, why do you have to make sure that tool supports OpenAPI version 3.1?",Abstain
CTX_023_MUT_11,"If you want to use OpenAPI Generator or Hey API to generate SDK for FastAPI, why do you have to make sure that tool supports OpenAPI version 3.1?",Abstain
CTX_023_MUT_12,"If you want to use OpenAPI Generator or Hey API to generate SDK for FastAPI, why do you have to make sure that tool supports OpenAPI version 3.1?",Abstain
CTX_023_MUT_13,"If you want to use OpenAPI Generator or Hey API to generate SDK for FastAPI, why do you have to make sure that tool supports OpenAPI version 3.1?",Abstain
CTX_024_MUT_01,What are the real-world cases where you are forced to use the jsonable_encoder() function on a Pydantic model before further processing?,Abstain
CTX_024_MUT_02,What are the real-world cases where you are forced to use the jsonable_encoder() function on a Pydantic model before further processing?,Abstain.
CTX_024_MUT_03,What are the real-world cases where you are forced to use the jsonable_encoder() function on a Pydantic model before further processing?,Abstain
CTX_024_MUT_04,What are the real-world cases where you are forced to use the jsonable_encoder() function on a Pydantic model before further processing?,Abstain
CTX_024_MUT_05,What are the real-world cases where you are forced to use the jsonable_encoder() function on a Pydantic model before further processing?,Abstain
CTX_024_MUT_06,What are the real-world cases where you are forced to use the jsonable_encoder() function on a Pydantic model before further processing?,Abstain
CTX_024_MUT_07,What are the real-world cases where you are forced to use the jsonable_encoder() function on a Pydantic model before further processing?,Abstain
CTX_024_MUT_08,What are the real-world cases where you are forced to use the jsonable_encoder() function on a Pydantic model before further processing?,Abstain
CTX_024_MUT_09,What are the real-world cases where you are forced to use the jsonable_encoder() function on a Pydantic model before further processing?,"According to the Context, there are some cases where you might need to convert a data type (like a Pydantic model) to something compatible with JSON (like a `dict`, `list`, etc)."
CTX_024_MUT_10,What are the real-world cases where you are forced to use the jsonable_encoder() function on a Pydantic model before further processing?,Abstain
CTX_024_MUT_11,What are the real-world cases where you are forced to use the jsonable_encoder() function on a Pydantic model before further processing?,Abstain
CTX_024_MUT_12,What are the real-world cases where you are forced to use the jsonable_encoder() function on a Pydantic model before further processing?,Abstain
CTX_024_MUT_13,What are the real-world cases where you are forced to use the jsonable_encoder() function on a Pydantic model before further processing?,Abstain
CTX_025_MUT_01,How can you use the variable 'commons' in a function endpoint to leverage the type alias?,"You can use the variable 'commons' in a function endpoint to leverage the type alias like this:

```python
from fastapi import FastAPI
from typing import Annotated

app = FastAPI()

commons: Annotated[dict, Depends(common_parameters)] = commons  # assuming common_parameters is defined elsewhere

@app.get(""/commons"")
async def get_commons(commons: commons):
    # use the commons variable here
    return commons
```

However, the above code won't work because 'commons' is being reassigned from the 'commons' variable which is of type `Annotated[dict, Depends(common_parameters)]`. The `commons` parameter in the function endpoint should be of the same type. 

The correct code would be:

```python
from fastapi import FastAPI
from typing import Annotated

app = FastAPI()

@app.get(""/commons"")
async def get_commons(commons: Annotated[dict, Depends(common_parameters)]):
    # use the commons variable here
    return commons
```

In this code, `Annotated[dict, Depends(common_parameters)]` is the correct type for the `commons` parameter in the function endpoint, leveraging the type alias."
CTX_025_MUT_02,How can you use the variable 'commons' in a function endpoint to leverage the type alias?,Abstain
CTX_025_MUT_03,How can you use the variable 'commons' in a function endpoint to leverage the type alias?,"The provided context doesn't explicitly show how to use the `commons` variable in a function endpoint. However, based on the given information and the example, we can assume it's something like this:

```Python
from fastapi import FastAPI, Depends

app = FastAPI()

def common_parameters():
    # your common parameters here
    pass

commons: Annotated[dict, Depends(common_parameters)] = common_parameters()

@app.get(""/example"")
async def read_example(commons: commons):
    # now you can use commons in your endpoint
    return {""commons"": commons}
```

In this example, we're using the `commons` variable (which is an `Annotated` type alias) as a parameter in the `read_example` endpoint. The `Depends` function is used to automatically call the `common_parameters` function and pass its result to the endpoint."
CTX_025_MUT_04,How can you use the variable 'commons' in a function endpoint to leverage the type alias?,Abstain
CTX_025_MUT_05,How can you use the variable 'commons' in a function endpoint to leverage the type alias?,"You can use the `commons` variable in a function endpoint like this:

```python
from fastapi import FastAPI, Depends

app = FastAPI()

commons: Annotated[dict, Depends(common_parameters())]

@app.get(""/example"")
async def read_example(commons: commons):
    return {""key"": ""value""}
```

In this example, you're leveraging the `commons` type alias to specify that the `commons` parameter in the `/example` endpoint should be of type `dict` and should depend on the `common_parameters()` function."
CTX_025_MUT_06,How can you use the variable 'commons' in a function endpoint to leverage the type alias?,"You can use the variable 'commons' in a function endpoint like this:

```python
from fastapi import FastAPI
from pydantic import Annotated, BaseModel

app = FastAPI()

class MyModel(BaseModel):
    data: Annotated[dict, Depends(common_parameters())]

@app.get(""/my-endpoint"")
async def my_endpoint():
    return MyModel()
```

In this example, when you call the `/my-endpoint` endpoint, it will use the `common_parameters()` dependency and return an instance of `MyModel` with the `data` field correctly annotated."
CTX_025_MUT_07,How can you use the variable 'commons' in a function endpoint to leverage the type alias?,Abstain
CTX_025_MUT_08,How can you use the variable 'commons' in a function endpoint to leverage the type alias?,"```Python
from fastapi import FastAPI
from pydantic import Annotated, Depends
from typing import dict

# Create a type alias for the common parameters
commons: Annotated[dict, Depends(common_parameters)]

# Create a FastAPI application
app = FastAPI()

# Function endpoint using the type alias
@app.get(""/example"")
def get_example(commons: commons):
    return {""example"": commons}
```

In this example, we're using the `commons` type alias in the endpoint function `get_example`. This allows us to pass the `common_parameters` dependency to the endpoint, reducing code duplication and making the code more readable."
CTX_025_MUT_09,How can you use the variable 'commons' in a function endpoint to leverage the type alias?,"```Python
from fastapi import FastAPI
from pydantic import Annotated, BaseModel

app = FastAPI()

class CommonParameters(BaseModel):
    # your common parameters here
    pass

commons: Annotated[dict, Depends(CommonParameters)] = CommonParameters()

@app.get(""/example"")
async def read_example(commons: commons):
    return {""commons"": commons}
```

In this example, we have defined a variable `commons` which is an Annotated type alias for `CommonParameters`. In the `/example` endpoint, we can use the `commons` variable as the type for the function parameter, which will automatically be replaced with the actual `CommonParameters` object."
CTX_025_MUT_10,How can you use the variable 'commons' in a function endpoint to leverage the type alias?,"You can use the variable 'commons' in a function endpoint like this:

```Python
from fastapi import FastAPI, Depends

app = FastAPI()

commons = Annotated[dict, Depends(common_parameters)]

@app.get(""/example"")
async def example(commons: commons):
    # Use the commons dependency here
    return {""commons"": commons}
```

In this example, the `commons` parameter in the `example` endpoint function will be of type `dict` with the `common_parameters` dependency applied. 

However, based on the provided context, it seems that you have to use the `commons` variable like this:

```Python
from fastapi import FastAPI, Depends

app = FastAPI()

commons = Annotated[dict, Depends(common_parameters)]

@app.get(""/example"")
async def example(commons: commons):
    # Use the commons dependency here
    return {""commons"": commons}
```

But in the actual usage example within the context, it's used like this:

```Python
from fastapi import FastAPI, Depends
from fastapi import Annotated
from common import common_parameters

app = FastAPI()

@app.get(""/example"")
async def example(commons: Annotated[dict, Depends(common_parameters)]):
    # Use the commons dependency here
    return {""commons"": commons}
```

But since you want to leverage the type alias, you can do it like this (using the variable `commons`):

```Python
from fastapi import FastAPI, Depends
from fastapi import Annotated
from common import common_parameters

app = FastAPI()
commons = Annotated[dict, Depends(common_parameters)]

@app.get(""/example"")
async def example(commons: commons):
    # Use the commons dependency here
    return {""commons"": commons}
```"
CTX_025_MUT_11,How can you use the variable 'commons' in a function endpoint to leverage the type alias?,"```python
from fastapi import FastAPI, Depends

app = FastAPI()

# Type alias 'commons' using Annotated
commons: Annotated[dict, Depends(common_parameters)] = dict

async def common_parameters():
    return {""q"": None, ""size"": None}

# Function endpoint that leverages the type alias 'commons'
@app.get(""/items/"")
async def read_items(commons: commons):
    return commons
```

In the code snippet above, the `read_items` function endpoint uses the `commons` type alias, which is an `Annotated` dependency with the type `dict` and the `Depends` value `common_parameters()`. The `common_parameters()` function returns a dictionary with optional query parameters."
CTX_025_MUT_12,How can you use the variable 'commons' in a function endpoint to leverage the type alias?,"You can use the variable 'commons' in a function endpoint by defining the endpoint with the `Annotated` type alias. Here's a simple example:

```python
from fastapi import FastAPI

app = FastAPI()

commons: Annotated[dict, Depends(common_parameters)]

@app.get(""/endpoint"")
async def endpoint(commons: commons):
    return {""commons"": commons}
```

In this example, the `endpoint` function expects a parameter named `commons` of type `commons`, which is the type alias defined earlier. This allows you to leverage the `Depends` dependency in multiple places, reducing code duplication."
CTX_025_MUT_13,How can you use the variable 'commons' in a function endpoint to leverage the type alias?,"You can use the variable 'commons' in a function endpoint like this:

```Python
from fastapi import FastAPI, Depends
from typing import Annotated, Dict

app = FastAPI()

def common_parameters() -> Dict:
    # implementation of common_parameters function
    pass

commons: Annotated[Dict, Depends(common_parameters)] = common_parameters()

@app.get(""/example"")
async def read_example(common: commons):
    # implementation of the endpoint
    return {}
```

In this example, the `common_parameters` function is called once when the `commons` type alias is defined, and the result is stored in the `commons` variable. This allows you to reuse the same dependency in multiple endpoints without having to call `common_parameters` every time.

Note: You can also directly use the `common_parameters` function in the endpoint, but using a type alias like `commons` can make the code more readable and easier to maintain."
CTX_026_MUT_01,"Instead of receiving individual path parameters from FastAPI, what syntax in the path operation would retrieve the original HTTP Request object?",Abstain
CTX_026_MUT_02,"Instead of receiving individual path parameters from FastAPI, what syntax in the path operation would retrieve the original HTTP Request object?",Abstain
CTX_026_MUT_03,"Instead of receiving individual path parameters from FastAPI, what syntax in the path operation would retrieve the original HTTP Request object?",Abstain
CTX_026_MUT_04,"Instead of receiving individual path parameters from FastAPI, what syntax in the path operation would retrieve the original HTTP Request object?",Abstain
CTX_026_MUT_05,"Instead of receiving individual path parameters from FastAPI, what syntax in the path operation would retrieve the original HTTP Request object?",Abstain
CTX_026_MUT_06,"Instead of receiving individual path parameters from FastAPI, what syntax in the path operation would retrieve the original HTTP Request object?",Abstain
CTX_026_MUT_07,"Instead of receiving individual path parameters from FastAPI, what syntax in the path operation would retrieve the original HTTP Request object?",Abstain
CTX_026_MUT_08,"Instead of receiving individual path parameters from FastAPI, what syntax in the path operation would retrieve the original HTTP Request object?",Abstain
CTX_026_MUT_09,"Instead of receiving individual path parameters from FastAPI, what syntax in the path operation would retrieve the original HTTP Request object?",Abstain
CTX_026_MUT_10,"Instead of receiving individual path parameters from FastAPI, what syntax in the path operation would retrieve the original HTTP Request object?",Abstain
CTX_026_MUT_11,"Instead of receiving individual path parameters from FastAPI, what syntax in the path operation would retrieve the original HTTP Request object?",Abstain
CTX_026_MUT_12,"Instead of receiving individual path parameters from FastAPI, what syntax in the path operation would retrieve the original HTTP Request object?",Abstain
CTX_026_MUT_13,"Instead of receiving individual path parameters from FastAPI, what syntax in the path operation would retrieve the original HTTP Request object?",Abstain
CTX_027_MUT_01,What is the keyword in modern Python used to define and execute a coroutine in asynchronous programming?,Abstain
CTX_027_MUT_02,What is the keyword in modern Python used to define and execute a coroutine in asynchronous programming?,`async`.
CTX_027_MUT_03,What is the keyword in modern Python used to define and execute a coroutine in asynchronous programming?,async
CTX_027_MUT_04,What is the keyword in modern Python used to define and execute a coroutine in asynchronous programming?,async
CTX_027_MUT_05,What is the keyword in modern Python used to define and execute a coroutine in asynchronous programming?,async
CTX_027_MUT_06,What is the keyword in modern Python used to define and execute a coroutine in asynchronous programming?,async and await
CTX_027_MUT_07,What is the keyword in modern Python used to define and execute a coroutine in asynchronous programming?,`async` and `await`.
CTX_027_MUT_08,What is the keyword in modern Python used to define and execute a coroutine in asynchronous programming?,async
CTX_027_MUT_09,What is the keyword in modern Python used to define and execute a coroutine in asynchronous programming?,async
CTX_027_MUT_10,What is the keyword in modern Python used to define and execute a coroutine in asynchronous programming?,`async`
CTX_027_MUT_11,What is the keyword in modern Python used to define and execute a coroutine in asynchronous programming?,async
CTX_027_MUT_12,What is the keyword in modern Python used to define and execute a coroutine in asynchronous programming?,Abstain
CTX_027_MUT_13,What is the keyword in modern Python used to define and execute a coroutine in asynchronous programming?,Abstain
CTX_028_MUT_01,What is the bash command to activate a virtual environment named '.venv' on a Linux/macOS system?,$ source .venv/bin/activate
CTX_028_MUT_02,What is the bash command to activate a virtual environment named '.venv' on a Linux/macOS system?,$ source .venv/bin/activate
CTX_028_MUT_03,What is the bash command to activate a virtual environment named '.venv' on a Linux/macOS system?,$ source .venv/bin/activate
CTX_028_MUT_04,What is the bash command to activate a virtual environment named '.venv' on a Linux/macOS system?,Abstain
CTX_028_MUT_05,What is the bash command to activate a virtual environment named '.venv' on a Linux/macOS system?,Abstain
CTX_028_MUT_06,What is the bash command to activate a virtual environment named '.venv' on a Linux/macOS system?,$ source .venv/bin/activate
CTX_028_MUT_07,What is the bash command to activate a virtual environment named '.venv' on a Linux/macOS system?,$ source .venv/Scripts/activate
CTX_028_MUT_08,What is the bash command to activate a virtual environment named '.venv' on a Linux/macOS system?,Abstain
CTX_028_MUT_09,What is the bash command to activate a virtual environment named '.venv' on a Linux/macOS system?,$ source .venv/bin/activate
CTX_028_MUT_10,What is the bash command to activate a virtual environment named '.venv' on a Linux/macOS system?,$ source .venv/bin/activate
CTX_028_MUT_11,What is the bash command to activate a virtual environment named '.venv' on a Linux/macOS system?,$ source .venv/bin/activate
CTX_028_MUT_12,What is the bash command to activate a virtual environment named '.venv' on a Linux/macOS system?,$ source .venv/Scripts/activate
CTX_028_MUT_13,What is the bash command to activate a virtual environment named '.venv' on a Linux/macOS system?,source .venv/bin/activate
CTX_029_MUT_01,"According to the documentation, what are the main differences in environmental behavior between the 'development' and 'deployment' (web API) stages?","According to the Context, the main differences in environmental behavior between the 'development' and 'deployment' (web API) stages are:

- During the 'development' stages, the code is constantly changing, breaking, and being fixed. The production server is stopped and restarted frequently.
- In contrast, during the 'deployment' stage, the application is made available to users. A remote machine with a server program provides good performance and stability, allowing users to access the application efficiently and without interruptions or problems."
CTX_029_MUT_02,"According to the documentation, what are the main differences in environmental behavior between the 'development' and 'deployment' (web API) stages?","According to CONTEXT 0, the main differences in environmental behavior between the 'development' and 'deployment' (web API) stages are:

1. **Code stability**: In the development stage, the code is constantly changing, breaking, and being fixed, whereas in the deployment stage, the code is stable.
2. **Server performance**: In the development stage, the development server is used, which may not provide good performance, stability, etc. In the deployment stage, a server program is used that provides good performance, stability, etc.
3. **Access**: In the development stage, the application is not available to users, whereas in the deployment stage, the application is available to users efficiently and without interruptions or problems.
4. **Restarting**: In the development stage, the development server is stopped and restarted frequently, whereas in the deployment stage, the application is up and running continuously."
CTX_029_MUT_03,"According to the documentation, what are the main differences in environmental behavior between the 'development' and 'deployment' (web API) stages?","According to the Context, during the 'deployment' stage of a web API:

- The application is available to the users.
- It is put in a local machine with a server program that provides good performance, stability, etc., so that users can access the application efficiently and without interruptions or problems.

In contrast, during the 'development' stages:

- The code is constantly being changed.
- It is being broken and fixed.
- The development server is stopped and restarted frequently."
CTX_029_MUT_04,"According to the documentation, what are the main differences in environmental behavior between the 'development' and 'deployment' (web API) stages?","According to the provided Context, the main differences in environmental behavior between the 'development' and 'deployment' (web API) stages are:

1. In the development stages, the code is constantly being changed, broken, and fixed, with the development server being stopped and restarted frequently.
2. In contrast, during deployment, the application is available to users, and the server program provides good performance, stability, etc., allowing users to access the application efficiently without interruptions or problems."
CTX_029_MUT_05,"According to the documentation, what are the main differences in environmental behavior between the 'development' and 'deployment' (web API) stages?","According to the documentation in CONTEXT 0, the main differences in environmental behavior between the 'development' and 'deployment' (web API) stages are:

- In the development stages, the code is constantly being changed, broken, fixed, and the development server is stopped and restarted frequently.
- In contrast, during deployment, the application is made available to the users, and a server program is put in a remote machine that provides good performance, stability, and ensures efficient user access without interruptions."
CTX_029_MUT_06,"According to the documentation, what are the main differences in environmental behavior between the 'development' and 'deployment' (web API) stages?",Abstain
CTX_029_MUT_07,"According to the documentation, what are the main differences in environmental behavior between the 'development' and 'deployment' (web API) stages?","According to the documentation, during the 'development' stages, the application is constantly changing, breaking, and fixing the code, stopping, and restarting the development server, etc. 

In contrast, during the 'deployment' stage of a web API, the necessary steps are performed to make it available to users. This involves putting it on a local machine with a server program that provides good performance, stability, etc., so that users can access the application efficiently and without interruptions or problems."
CTX_029_MUT_08,"According to the documentation, what are the main differences in environmental behavior between the 'development' and 'deployment' (web API) stages?",Abstain
CTX_029_MUT_09,"According to the documentation, what are the main differences in environmental behavior between the 'development' and 'deployment' (web API) stages?",Abstain
CTX_029_MUT_10,"According to the documentation, what are the main differences in environmental behavior between the 'development' and 'deployment' (web API) stages?",Abstain
CTX_029_MUT_11,"According to the documentation, what are the main differences in environmental behavior between the 'development' and 'deployment' (web API) stages?",Abstain
CTX_029_MUT_12,"According to the documentation, what are the main differences in environmental behavior between the 'development' and 'deployment' (web API) stages?","According to the Context [CONTEXT 0], in the 'development' stage, you are constantly changing the code, breaking it and fixing it, stopping and restarting the development server, etc. 

In contrast, during the 'deployment' (web API) stage, the application is made available to the users, involving putting it in a local machine, with a server program that provides good performance, stability, etc, so that your users can access the application efficiently and without interruptions or problems."
CTX_029_MUT_13,"According to the documentation, what are the main differences in environmental behavior between the 'development' and 'deployment' (web API) stages?",Abstain
CTX_030_MUT_01,"According to the contribution guide, how do you formally start a project to translate the FastAPI documentation into a completely new language?",Abstain
CTX_030_MUT_02,"According to the contribution guide, how do you formally start a project to translate the FastAPI documentation into a completely new language?",Abstain
CTX_030_MUT_03,"According to the contribution guide, how do you formally start a project to translate the FastAPI documentation into a completely new language?","According to the Context, the first step would be for you to find other 2 people that would be willing to be reviewing translation PRs for that language with you. Once there are at least 2 people that would be willing to commit to help maintain that language, you can continue the next steps.

Create a new discussion following the template and tag the other 2 people that will help with the language, and ask them to confirm they will help."
CTX_030_MUT_04,"According to the contribution guide, how do you formally start a project to translate the FastAPI documentation into a completely new language?","According to the Context, to formally start a project to translate the FastAPI documentation into a completely new language, the first step would be for you to find other 2 people that would be willing to be reviewing translation PRs for that language with you."
CTX_030_MUT_05,"According to the contribution guide, how do you formally start a project to translate the FastAPI documentation into a completely new language?","According to the Context, to request a new language, you should follow these steps:

1. Find another person willing to review translation PRs with you.
2. Once there are at least 3 people willing to commit to help maintain that language, you can continue.
3. Create a new discussion following the template.
4. Tag the other 2 people that will help with the language, and ask them to confirm they will help.

So, the first step to formally start a project to translate the FastAPI documentation into a completely new language is to ""create a new discussion following the template."""
CTX_030_MUT_06,"According to the contribution guide, how do you formally start a project to translate the FastAPI documentation into a completely new language?","According to the Context, to formally start a project to translate the FastAPI documentation into a completely new language, you would first need to find other 2 people that would be willing to be reviewing translation PRs for that language with you. Once there are at least 2 people that would be willing to commit to help maintain that language, you can create a new discussion following the template, tag the other 2 people that will help with the language, and ask them to confirm they will help."
CTX_030_MUT_07,"According to the contribution guide, how do you formally start a project to translate the FastAPI documentation into a completely new language?","According to the Context, to formally start a project to translate the FastAPI documentation into a completely new language, you would need to:

1. Find another person who will help review translation Pull Requests (PRs) for that language with you.
2. Once there are at least 2 people committed to helping maintain that language, you can:
3. Create a new discussion following the template.
4. Tag the other person who will help with the language, and ask them to confirm that they will help.

This process is described in ""Request a New Language"" section of the Context."
CTX_030_MUT_08,"According to the contribution guide, how do you formally start a project to translate the FastAPI documentation into a completely new language?","First, find other 2 people that would be willing to be reviewing translation PRs for that language with you. Once there are at least 2 people that would be willing to commit to help maintain that language, you can continue the next steps. 

Create a new discussion following the template. Tag the other 2 people that will help with the language, and ask them to confirm there they will help."
CTX_030_MUT_09,"According to the contribution guide, how do you formally start a project to translate the FastAPI documentation into a completely new language?",Abstain
CTX_030_MUT_10,"According to the contribution guide, how do you formally start a project to translate the FastAPI documentation into a completely new language?","According to the Context [CONTEXT 0], the first step to start a project to translate the FastAPI documentation into a completely new language (for example, Latin) would be to find other 2 people that would be willing to be reviewing translation PRs for that language with you."
CTX_030_MUT_11,"According to the contribution guide, how do you formally start a project to translate the FastAPI documentation into a completely new language?","According to the Context [CONTEXT 0], the first step to formally start a project to translate the FastAPI documentation into a completely new language (for example, Latin) is to find other 2 people that would be willing to be reviewing translation PRs for that language with you."
CTX_030_MUT_12,"According to the contribution guide, how do you formally start a project to translate the FastAPI documentation into a completely new language?",Abstain
CTX_030_MUT_13,"According to the contribution guide, how do you formally start a project to translate the FastAPI documentation into a completely new language?",Abstain
CTX_031_MUT_01,"How to load a heavy machine learning model into memory before the server starts accepting requests, but not load it during simple automated unit testing?",Abstain
CTX_031_MUT_02,"How to load a heavy machine learning model into memory before the server starts accepting requests, but not load it during simple automated unit testing?",Abstain
CTX_031_MUT_03,"How to load a heavy machine learning model into memory before the server starts accepting requests, but not load it during simple automated unit testing?",Abstain
CTX_031_MUT_04,"How to load a heavy machine learning model into memory before the server starts accepting requests, but not load it during simple automated unit testing?",Abstain
CTX_031_MUT_05,"How to load a heavy machine learning model into memory before the server starts accepting requests, but not load it during simple automated unit testing?",Abstain
CTX_031_MUT_06,"How to load a heavy machine learning model into memory before the server starts accepting requests, but not load it during simple automated unit testing?",Abstain
CTX_031_MUT_07,"How to load a heavy machine learning model into memory before the server starts accepting requests, but not load it during simple automated unit testing?",Abstain.
CTX_031_MUT_08,"How to load a heavy machine learning model into memory before the server starts accepting requests, but not load it during simple automated unit testing?",Abstain
CTX_031_MUT_09,"How to load a heavy machine learning model into memory before the server starts accepting requests, but not load it during simple automated unit testing?",Abstain
CTX_031_MUT_10,"How to load a heavy machine learning model into memory before the server starts accepting requests, but not load it during simple automated unit testing?",Abstain
CTX_031_MUT_11,"How to load a heavy machine learning model into memory before the server starts accepting requests, but not load it during simple automated unit testing?",Abstain
CTX_031_MUT_12,"How to load a heavy machine learning model into memory before the server starts accepting requests, but not load it during simple automated unit testing?",Abstain
CTX_031_MUT_13,"How to load a heavy machine learning model into memory before the server starts accepting requests, but not load it during simple automated unit testing?",Abstain
CTX_032_MUT_01,List some popular software that can act as a TLS Termination Proxy to handle HTTPS certificates before forwarding HTTP requests to FastAPI?,Abstain
CTX_032_MUT_02,List some popular software that can act as a TLS Termination Proxy to handle HTTPS certificates before forwarding HTTP requests to FastAPI?,"Based on the provided Context, the following are some popular software that can act as a TLS Termination Proxy to handle HTTPS certificates before forwarding HTTP requests to FastAPI:

* Traefik
* Caddy
* Nginx
* HAProxy"
CTX_032_MUT_03,List some popular software that can act as a TLS Termination Proxy to handle HTTPS certificates before forwarding HTTP requests to FastAPI?,"Traefik, Caddy, Nginx, HAProxy."
CTX_032_MUT_04,List some popular software that can act as a TLS Termination Proxy to handle HTTPS certificates before forwarding HTTP requests to FastAPI?,"Traefik, Caddy, Nginx, HAProxy."
CTX_032_MUT_05,List some popular software that can act as a TLS Termination Proxy to handle HTTPS certificates before forwarding HTTP requests to FastAPI?,"Based on the provided context, some popular software that can act as a TLS Termination Proxy to handle HTTPS certificates before forwarding HTTP requests to FastAPI are:

* Traefik
* Caddy
* Nginx
* HAProxy"
CTX_032_MUT_06,List some popular software that can act as a TLS Termination Proxy to handle HTTPS certificates before forwarding HTTP requests to FastAPI?,Abstain
CTX_032_MUT_07,List some popular software that can act as a TLS Termination Proxy to handle HTTPS certificates before forwarding HTTP requests to FastAPI?,Abstain
CTX_032_MUT_08,List some popular software that can act as a TLS Termination Proxy to handle HTTPS certificates before forwarding HTTP requests to FastAPI?,Abstain
CTX_032_MUT_09,List some popular software that can act as a TLS Termination Proxy to handle HTTPS certificates before forwarding HTTP requests to FastAPI?,Abstain
CTX_032_MUT_10,List some popular software that can act as a TLS Termination Proxy to handle HTTPS certificates before forwarding HTTP requests to FastAPI?,Abstain
CTX_032_MUT_11,List some popular software that can act as a TLS Termination Proxy to handle HTTPS certificates before forwarding HTTP requests to FastAPI?,Abstain
CTX_032_MUT_12,List some popular software that can act as a TLS Termination Proxy to handle HTTPS certificates before forwarding HTTP requests to FastAPI?,Abstain
CTX_032_MUT_13,List some popular software that can act as a TLS Termination Proxy to handle HTTPS certificates before forwarding HTTP requests to FastAPI?,"Traefik, Caddy, Nginx, HAProxy."
